f_L,q_cr,P_cr_N,N_p,q_cr_over_Np
0.3333333333333333,109.8590316772461,82343.72286736457,1819.8248197959385,0.0603679159016882
0.3224755700325732,105.39604949951172,78998.53984513463,1819.8248197959385,0.05791549183911561
0.3123028391167192,102.06842041015624,76504.34921414238,1819.8248197959385,0.056086948205048344
0.3027522935779816,102.80152130126952,77053.83755105945,1819.8248197959385,0.05648978966711582
0.2937685459940652,102.45280456542967,76792.46045882757,1819.8248197959385,0.056298168620932405
0.2853025936599423,102.26399230957033,76650.93814761585,1819.8248197959385,0.05619441563668608
0.2773109243697479,102.56658935546876,76877.74669405514,1819.8248197959385,0.05636069375456139
0.2697547683923705,105.60047149658205,79151.76227953768,1819.8248197959385,0.05802782242986624
0.2625994694960212,103.10179138183594,77278.90194423708,1819.8248197959385,0.056654789109534726
0.2558139534883721,98.3025894165039,73681.70879057066,1819.8248197959385,0.05401761111683641
0.2493702770780856,132.13507080078125,99040.50204124168,1819.8248197959385,0.07260867604586131
0.2432432432432432,205.7560272216797,154222.34317163634,1819.8248197959385,0.11306364490882788
0.237410071942446,157.71630859375,118214.65935237572,1819.8248197959385,0.08666565423117766
0.2318501170960187,144.676513671875,108440.81333442892,1819.8248197959385,0.07950024205522042
0.2265446224256292,135.74142456054688,101743.6079217692,1819.8248197959385,0.07459037984533473
0.221476510067114,96.94685363769533,72665.53078911548,1819.8248197959385,0.0532726296416631
0.2166301969365426,82.44071197509766,61792.59944516413,1819.8248197959385,0.04530145488637854
0.2119914346895074,82.51569366455078,61848.8012099366,1819.8248197959385,0.04534265758272462
0.2075471698113207,78.2671890258789,58664.37765161419,1819.8248197959385,0.04300808966582575
0.2032854209445585,79.58482360839844,59651.9972878604,1819.8248197959385,0.04373213440254237
0.1991951710261569,79.88920593261719,59880.14397155618,1819.8248197959385,0.04389939353699735
0.1952662721893491,77.93143463134766,58412.71635083006,1819.8248197959385,0.042823591470791296
0.1914893617021276,75.4889907836914,56582.00733910879,1819.8248197959385,0.04148146017271936
0.1878557874762808,73.27560424804688,54922.98591222306,1819.8248197959385,0.04026519665572176
0.1843575418994413,72.82587432861328,54585.89541282926,1819.8248197959385,0.04001806851759469
0.1809872029250457,72.25037384033203,54154.53485927653,1819.8248197959385,0.03970182901914353
0.1777378815080789,71.66934967041016,53719.034086178086,1819.8248197959385,0.03938255423862535
0.1746031746031746,70.87013244628906,53119.98892248871,1819.8248197959385,0.038943381624081765
0.1715771230502599,70.02862548828125,52489.24591771939,1819.8248197959385,0.038480970655259954
0.1686541737649063,69.38880157470703,52009.67239318613,1819.8248197959385,0.0381293852132909
0.1658291457286432,68.87189483642578,51622.23019061554,1819.8248197959385,0.037845343182069884
0.1630971993410214,68.80398559570312,51571.329508051465,1819.8248197959385,0.03780802682063556
0.1604538087520259,68.77313995361328,51548.20946989772,1819.8248197959385,0.03779107703417573
0.1578947368421052,68.67523193359375,51474.82350659644,1819.8248197959385,0.037737276240300134
0.1554160125588697,68.60675048828125,51423.49393388605,1819.8248197959385,0.0376996454504749
0.1530139103554868,68.56365966796875,51391.19564660127,1819.8248197959385,0.037675966896449385
0.1506849315068493,68.55457305908203,51384.38487107787,1819.8248197959385,0.03767097377360158
0.1484257871064467,68.5823745727539,51405.22321365325,1819.8248197959385,0.037686250801021726
0.1462333825701625,68.64602661132812,51452.932953528776,1819.8248197959385,0.03772122781522761
0.1441048034934497,68.74980163574219,51530.71647046355,1819.8248197959385,0.037778252548204765
0.1420373027259684,68.90070343017578,51643.82337984843,1819.8248197959385,0.037861173603458045
0.14002828854314,69.10155487060547,51794.36953973851,1819.8248197959385,0.037971542161049324
0.1380753138075313,69.31690979003906,51955.78663520375,1819.8248197959385,0.038089880430255775
0.1361760660247593,69.54833984375,52129.25268451264,1819.8248197959385,0.03821705204105779
0.1343283582089552,69.82091522216797,52333.55879460886,1819.8248197959385,0.03836683314935619
0.1325301204819277,70.10174560546875,52544.05235988252,1819.8248197959385,0.03852115041124092
0.130779392338177,70.39722442626953,52765.52551290172,1819.8248197959385,0.03868351703993319
0.1290743155149935,70.7536392211914,53032.67260723528,1819.8248197959385,0.03887936819606911
0.1274131274131274,71.15410614013672,53332.83852429943,1819.8248197959385,0.03909942614592728
0.1257941550190597,71.50223541259766,53593.77528931443,1819.8248197959385,0.03929072437896269
0.124215809284818,71.6934814453125,53737.1218132818,1819.8248197959385,0.03939581473196506
0.1226765799256505,71.81446838378906,53827.80634581758,1819.8248197959385,0.03946229747094108
0.1211750305997552,72.00146484375,53967.96764563168,1819.8248197959385,0.039565052669093555
0.1197097944377267,72.29142761230469,54185.30629764045,1819.8248197959385,0.039724388208097365
0.1182795698924731,72.67536163330078,54473.08014874388,1819.8248197959385,0.03993536127364723
0.1168831168831168,73.1171875,54804.24624558332,1819.8248197959385,0.040178146107601065
0.1155192532088681,73.59963989257812,55165.86354281077,1819.8248197959385,0.04044325535731018
0.1141868512110726,74.11832427978516,55554.638164102565,1819.8248197959385,0.04072827421273231
0.112884834663626,74.70661926269531,55995.58870132679,1819.8248197959385,0.04105154433000444
0.1116121758737316,75.47164154052734,56569.00338987268,1819.8248197959385,0.04147192670390668
0.1103678929765886,76.58863067626953,57406.23126668147,1819.8248197959385,0.042085716077252755
0.1091510474090407,78.1209945678711,58554.79907849963,1819.8248197959385,0.04292775530813509
0.1079607415485278,79.375732421875,59495.275109863454,1819.8248197959385,0.043617238076121854
0.1067961165048543,79.85012817382812,59850.85363383085,1819.8248197959385,0.04387792017408682
0.1056563500533618,79.85377502441406,59853.58709369668,1819.8248197959385,0.04387992413103162
0.1045406546990496,79.73438262939453,59764.09773503527,1819.8248197959385,0.04381431759917163
0.1034482758620689,79.62236785888672,59680.13819999363,1819.8248197959385,0.04375276509736523
0.1023784901758014,79.53864288330078,59617.38299378555,1819.8248197959385,0.0437067579352059
0.1013306038894575,79.47407531738281,59568.987029675925,1819.8248197959385,0.04367127783557455
0.1003039513677811,79.40890502929688,59520.13930127886,1819.8248197959385,0.04363546653803809
0.0992978936810431,79.32328033447266,59455.96017978504,1819.8248197959385,0.043588415473620905
0.0983118172790466,79.20187377929688,59364.96112780863,1819.8248197959385,0.04352170215382488
0.0973451327433628,79.03968048095703,59243.39078620324,1819.8248197959385,0.04343257637832412
0.0963972736124634,78.84235382080078,59095.48658961442,1819.8248197959385,0.043324144699620905
0.0954676952748312,78.62458038330078,58932.25671846412,1819.8248197959385,0.0432044774464155
0.0945558739255014,78.39762115478516,58762.141730831725,1819.8248197959385,0.0430797625694412
0.0936613055818353,78.17626190185547,58596.224148097885,1819.8248197959385,0.04295812489831937
0.0927835051546391,77.97061920166016,58442.08674804936,1819.8248197959385,0.04284512352700146
0.0919220055710306,77.78657531738281,58304.13852139022,1819.8248197959385,0.04274399077934612
0.0910763569457221,77.63508605957031,58190.59128478847,1819.8248197959385,0.042660746910944826
0.0902461257976298,77.5328369140625,58113.95147491052,1819.8248197959385,0.04260456065367679
0.089430894308943,77.48816680908203,58080.46945082192,1819.8248197959385,0.04258001427729234
0.0886302596239928,77.48978424072266,58081.68178030216,1819.8248197959385,0.04258090306154401
0.087843833185448,77.51907348632812,58103.63523725794,1819.8248197959385,0.04259699760278054
0.0870712401055409,77.5172348022461,58102.25707025446,1819.8248197959385,0.042595987239551054
0.086312118570183,77.11676788330078,57802.09115319031,1819.8248197959385,0.04237592928969288
0.0855661192739844,75.81417083740234,56825.74274998912,1819.8248197959385,0.04166014773108962
0.0848329048843187,74.40145111083984,55766.85300849674,1819.8248197959385,0.04088385338055927
0.0841121495327102,73.48957824707031,55083.36795280186,1819.8248197959385,0.040382776104411454
0.0834035383319292,72.9965591430664,54713.830484205886,1819.8248197959385,0.0401118604104167
0.0827067669172932,72.69778442382812,54489.88692394395,1819.8248197959385,0.039947682674192735
0.0820215410107705,72.44298553466797,54298.90500105976,1819.8248197959385,0.039807669807905566
0.0813475760065735,72.3414535522461,54222.80273349852,1819.8248197959385,0.03975187763422081
0.0806845965770171,72.5050048828125,54345.39097438447,1819.8248197959385,0.03984174965310269
0.0800323362974939,72.97501373291016,54697.6813405635,1819.8248197959385,0.04010002113340394
0.0793905372894947,73.5935287475586,55161.282996048176,1819.8248197959385,0.04043989726209516
0.0787589498806682,74.12570190429688,55560.16798772232,1819.8248197959385,0.0407323282427859
0.0781373322809786,74.47091674804688,55818.92027225877,1819.8248197959385,0.04092202498721689
0.0775254502740798,74.63969421386719,55945.42570981437,1819.8248197959385,0.0410147687854025
0.0769230769230769,74.65956115722656,55960.31677569426,1819.8248197959385,0.041025685739135224
